{
  "top_stocks": [
    {
      "code": "600036",
      "pe_ttm_zscore": -0.7071067031810194,
      "pb_zscore": -0.7071064907258712,
      "roe_zscore": 0.7071067116007972,
      "revenue_growth_zscore": -0.7071067548801048,
      "debt_to_assets_zscore": -0.707106758514791,
      "eps_zscore": -0.7071063554937511,
      "valuation_score": 0.7071065969534454,
      "profitability_score": 1.7805352303668087e-07,
      "growth_score": -0.7071067548801048,
      "health_score": 0.707106758514791,
      "fundamental_score": 0.17677669466041365,
      "ma5_ma20_ratio": 0.9635113562918786,
      "macd_hist": 2.946272224176575,
      "macd_hist_change": 4.842922875710257,
      "rsi_14": 53.32527834264366,
      "kdj_k": 43.04217837659229,
      "kdj_d": 33.65829713889593,
      "kdj_j": 61.809940851985004,
      "obv_change": 0.17523457536284592,
      "volume_ratio": 0.44055686839503416,
      "atr_ratio": 0.5267242271556695,
      "bb_position": 0.6376326983552553,
      "bb_width": 1.525404569578317,
      "sentiment_avg": 0.0,
      "sentiment_std": 0.0,
      "pos_news_cnt": 0,
      "neg_news_cnt": 0,
      "event_flag": 0,
      "up_probability": 0.614284383542872,
      "rank": 1,
      "name": "招商银行",
      "fundamental_grade": "A",
      "tech_signal": "中性",
      "news_sentiment": "中性"
    }
  ],
  "report": "======================================================================\n📊 股票筛选与多因子决策报告\n生成时间：2026-03-22 10:41:25\n======================================================================\n\n📋 数据质量\n  质量评分：100.0/100\n  质量状态：✅ 合格\n\n🎯 推荐股票（Top 10）\n----------------------------------------------------------------------\n2. 招商银行 (600036)\n   上涨概率：61.4%\n   排名：第1名\n   基本面：A\n   技术信号：中性\n   消息情绪：中性\n\n======================================================================\n⚠️ 风险提示：本报告仅供参考，不构成投资建议\n======================================================================"
}